Date;SunshineTime;;;;;end date summary;2193;end date source;113913
2015-01-01;0;;;;;;;;
2015-01-02;0,90;;;;;;;;
2015-01-03;2,24;;;;;;;;
2015-01-04;6,01;;;;;;;;
2015-01-05;1,64;;;;;;;;
2015-01-06;0,00;;;;;;;;
2015-01-07;5,22;;;;;;;;
2015-01-08;0,00;;;;;;;;
2015-01-09;0,00;;;;;;;;
2015-01-10;0,11;;;;;;;;
2015-01-11;0,01;;;;;;;;
2015-01-12;0,00;;;;;;;;
2015-01-13;0,00;;;;;;;;
2015-01-14;0,09;;;;;;;;
2015-01-15;0,00;;;;;;;;
2015-01-16;2,07;;;;;;;;
2015-01-17;0,94;;;;;;;;
2015-01-18;0,05;;;;;;;;
2015-01-19;0,00;;;;;;;;
2015-01-20;0,00;;;;;;;;
2015-01-21;0,00;;;;;;;;
2015-01-22;0,00;;;;;;;;
2015-01-23;2,19;;;;;;;;
2015-01-24;0,00;;;;;;;;
2015-01-25;7,38;;;;;;;;
2015-01-26;0,00;;;;;;;;
2015-01-27;1,25;;;;;;;;
2015-01-28;0,00;;;;;;;;
2015-01-29;0,15;;;;;;;;
2015-01-30;1,68;;;;;;;;
2015-01-31;0,00;;;;;;;;
2015-02-01;0,00;;;;;;;;
2015-02-02;0,65;;;;;;;;
2015-02-03;0,00;;;;;;;;
2015-02-04;0,00;;;;;;;;
2015-02-05;0,00;;;;;;;;
2015-02-06;0,06;;;;;;;;
2015-02-07;3,12;;;;;;;;
2015-02-08;6,12;;;;;;;;
2015-02-09;8,51;;;;;;;;
2015-02-10;5,78;;;;;;;;
2015-02-11;0,00;;;;;;;;
2015-02-12;0,00;;;;;;;;
2015-02-13;0,00;;;;;;;;
2015-02-14;0,51;;;;;;;;
2015-02-15;0,06;;;;;;;;
2015-02-16;0,00;;;;;;;;
2015-02-17;0,00;;;;;;;;
2015-02-18;0,00;;;;;;;;
2015-02-19;0,00;;;;;;;;
2015-02-20;0,00;;;;;;;;
2015-02-21;0,00;;;;;;;;
2015-02-22;3,63;;;;;;;;
2015-02-23;0,00;;;;;;;;
2015-02-24;0,00;;;;;;;;
2015-02-25;0,14;;;;;;;;
2015-02-26;1,71;;;;;;;;
2015-02-27;0,00;;;;;;;;
2015-02-28;2,15;;;;;;;;
2015-03-01;0,00;;;;;;;;
2015-03-02;0,13;;;;;;;;
2015-03-03;7,20;;;;;;;;
2015-03-04;7,71;;;;;;;;
2015-03-05;8,37;;;;;;;;
2015-03-06;4,96;;;;;;;;
2015-03-07;0,00;;;;;;;;
2015-03-08;1,71;;;;;;;;
2015-03-09;10,27;;;;;;;;
2015-03-10;7,35;;;;;;;;
2015-03-11;11,05;;;;;;;;
2015-03-12;10,89;;;;;;;;
2015-03-13;11,32;;;;;;;;
2015-03-14;8,06;;;;;;;;
2015-03-15;8,85;;;;;;;;
2015-03-16;0,97;;;;;;;;
2015-03-17;8,99;;;;;;;;
2015-03-18;1,96;;;;;;;;
2015-03-19;10,27;;;;;;;;
2015-03-20;0,07;;;;;;;;
2015-03-21;2,90;;;;;;;;
2015-03-22;1,33;;;;;;;;
2015-03-23;0,00;;;;;;;;
2015-03-24;9,46;;;;;;;;
2015-03-25;0,00;;;;;;;;
2015-03-26;0,00;;;;;;;;
2015-03-27;3,84;;;;;;;;
2015-03-28;7,76;;;;;;;;
2015-03-29;0,00;;;;;;;;
2015-03-30;0,26;;;;;;;;
2015-03-31;2,04;;;;;;;;
2015-04-01;11,15;;;;;;;;
2015-04-02;6,80;;;;;;;;
2015-04-03;12,21;;;;;;;;
2015-04-04;11,87;;;;;;;;
2015-04-05;11,90;;;;;;;;
2015-04-06;11,94;;;;;;;;
2015-04-07;4,63;;;;;;;;
2015-04-08;10,99;;;;;;;;
2015-04-09;11,87;;;;;;;;
2015-04-10;0,00;;;;;;;;
2015-04-11;9,90;;;;;;;;
2015-04-12;4,01;;;;;;;;
2015-04-13;13,07;;;;;;;;
2015-04-14;0,00;;;;;;;;
2015-04-15;0,48;;;;;;;;
2015-04-16;13,16;;;;;;;;
2015-04-17;9,64;;;;;;;;
2015-04-18;11,42;;;;;;;;
2015-04-19;13,83;;;;;;;;
2015-04-20;13,73;;;;;;;;
2015-04-21;14,25;;;;;;;;
2015-04-22;14,32;;;;;;;;
2015-04-23;9,28;;;;;;;;
2015-04-24;7,15;;;;;;;;
2015-04-25;0,73;;;;;;;;
2015-04-26;7,74;;;;;;;;
2015-04-27;6,94;;;;;;;;
2015-04-28;13,60;;;;;;;;
2015-04-29;6,42;;;;;;;;
2015-04-30;3,54;;;;;;;;
2015-05-01;6,71;;;;;;;;
2015-05-02;12,76;;;;;;;;
2015-05-03;9,23;;;;;;;;
2015-05-04;0,90;;;;;;;;
2015-05-05;1,12;;;;;;;;
2015-05-06;7,85;;;;;;;;
2015-05-07;1,30;;;;;;;;
2015-05-08;10,38;;;;;;;;
2015-05-09;3,56;;;;;;;;
2015-05-10;5,64;;;;;;;;
2015-05-11;7,31;;;;;;;;
2015-05-12;0,00;;;;;;;;
2015-05-13;1,75;;;;;;;;
2015-05-14;15,55;;;;;;;;
2015-05-15;12,25;;;;;;;;
2015-05-16;0,00;;;;;;;;
2015-05-17;7,74;;;;;;;;
2015-05-18;7,44;;;;;;;;
2015-05-19;6,12;;;;;;;;
2015-05-20;8,05;;;;;;;;
2015-05-21;10,93;;;;;;;;
2015-05-22;0,00;;;;;;;;
2015-05-23;13,10;;;;;;;;
2015-05-24;7,65;;;;;;;;
2015-05-25;7,97;;;;;;;;
2015-05-26;9,97;;;;;;;;
2015-05-27;15,21;;;;;;;;
2015-05-28;1,22;;;;;;;;
2015-05-29;2,56;;;;;;;;
2015-05-30;1,68;;;;;;;;
2015-05-31;6,99;;;;;;;;
2015-06-01;9,94;;;;;;;;
2015-06-02;0,00;;;;;;;;
2015-06-03;4,11;;;;;;;;
2015-06-04;12,96;;;;;;;;
2015-06-05;11,97;;;;;;;;
2015-06-06;5,47;;;;;;;;
2015-06-07;6,95;;;;;;;;
2015-06-08;7,16;;;;;;;;
2015-06-09;15,78;;;;;;;;
2015-06-10;13,83;;;;;;;;
2015-06-11;15,31;;;;;;;;
2015-06-12;16,02;;;;;;;;
2015-06-13;7,74;;;;;;;;
2015-06-14;10,71;;;;;;;;
2015-06-15;15,04;;;;;;;;
2015-06-16;16,42;;;;;;;;
2015-06-17;0,00;;;;;;;;
2015-06-18;0,25;;;;;;;;
2015-06-19;4,36;;;;;;;;
2015-06-20;8,55;;;;;;;;
2015-06-21;7,63;;;;;;;;
2015-06-22;6,71;;;;;;;;
2015-06-23;4,34;;;;;;;;
2015-06-24;0,07;;;;;;;;
2015-06-25;11,30;;;;;;;;
2015-06-26;14,43;;;;;;;;
2015-06-27;1,29;;;;;;;;
2015-06-28;0,34;;;;;;;;
2015-06-29;1,80;;;;;;;;
2015-06-30;16,13;;;;;;;;
2015-07-01;16,42;;;;;;;;
2015-07-02;16,49;;;;;;;;
2015-07-03;15,87;;;;;;;;
2015-07-04;11,95;;;;;;;;
2015-07-05;11,69;;;;;;;;
2015-07-06;4,91;;;;;;;;
2015-07-07;3,79;;;;;;;;
2015-07-08;1,29;;;;;;;;
2015-07-09;2,78;;;;;;;;
2015-07-10;14,37;;;;;;;;
2015-07-11;12,94;;;;;;;;
2015-07-12;1,86;;;;;;;;
2015-07-13;3,04;;;;;;;;
2015-07-14;6,53;;;;;;;;
2015-07-15;7,68;;;;;;;;
2015-07-16;15,83;;;;;;;;
2015-07-17;10,44;;;;;;;;
2015-07-18;9,07;;;;;;;;
2015-07-19;3,66;;;;;;;;
2015-07-20;7,00;;;;;;;;
2015-07-21;2,79;;;;;;;;
2015-07-22;2,07;;;;;;;;
2015-07-23;8,07;;;;;;;;
2015-07-24;5,17;;;;;;;;
2015-07-25;0,40;;;;;;;;
2015-07-26;0,18;;;;;;;;
2015-07-27;2,78;;;;;;;;
2015-07-28;0,96;;;;;;;;
2015-07-29;5,18;;;;;;;;
2015-07-30;6,09;;;;;;;;
2015-07-31;5,26;;;;;;;;
2015-08-01;8,47;;;;;;;;
2015-08-02;3,52;;;;;;;;
2015-08-03;12,34;;;;;;;;
2015-08-04;7,52;;;;;;;;
2015-08-05;7,69;;;;;;;;
2015-08-06;10,09;;;;;;;;
2015-08-07;11,09;;;;;;;;
2015-08-08;8,38;;;;;;;;
2015-08-09;13,76;;;;;;;;
2015-08-10;7,35;;;;;;;;
2015-08-11;4,30;;;;;;;;
2015-08-12;9,13;;;;;;;;
2015-08-13;14,58;;;;;;;;
2015-08-14;14,58;;;;;;;;
2015-08-15;8,86;;;;;;;;
2015-08-16;3,40;;;;;;;;
2015-08-17;14,32;;;;;;;;
2015-08-18;13,81;;;;;;;;
2015-08-19;14,34;;;;;;;;
2015-08-20;13,94;;;;;;;;
2015-08-21;13,99;;;;;;;;
2015-08-22;12,61;;;;;;;;
2015-08-23;12,07;;;;;;;;
2015-08-24;3,92;;;;;;;;
2015-08-25;0,84;;;;;;;;
2015-08-26;0,91;;;;;;;;
2015-08-27;0,98;;;;;;;;
2015-08-28;9,17;;;;;;;;
2015-08-29;5,40;;;;;;;;
2015-08-30;9,82;;;;;;;;
2015-08-31;0,39;;;;;;;;
2015-09-01;0,00;;;;;;;;
2015-09-02;1,80;;;;;;;;
2015-09-03;5,11;;;;;;;;
2015-09-04;7,28;;;;;;;;
2015-09-05;0,57;;;;;;;;
2015-09-06;8,31;;;;;;;;
2015-09-07;12,17;;;;;;;;
2015-09-08;9,97;;;;;;;;
2015-09-09;9,58;;;;;;;;
2015-09-10;9,77;;;;;;;;
2015-09-11;9,14;;;;;;;;
2015-09-12;4,13;;;;;;;;
2015-09-13;0,65;;;;;;;;
2015-09-14;3,01;;;;;;;;
2015-09-15;3,31;;;;;;;;
2015-09-16;1,58;;;;;;;;
2015-09-17;0,24;;;;;;;;
2015-09-18;2,39;;;;;;;;
2015-09-19;8,53;;;;;;;;
2015-09-20;7,71;;;;;;;;
2015-09-21;2,03;;;;;;;;
2015-09-22;0,00;;;;;;;;
2015-09-23;1,99;;;;;;;;
2015-09-24;1,90;;;;;;;;
2015-09-25;5,17;;;;;;;;
2015-09-26;9,51;;;;;;;;
2015-09-27;11,58;;;;;;;;
2015-09-28;11,09;;;;;;;;
2015-09-29;10,87;;;;;;;;
2015-09-30;0,23;;;;;;;;
2015-10-01;7,72;;;;;;;;
2015-10-02;5,90;;;;;;;;
2015-10-03;0,90;;;;;;;;
2015-10-04;3,29;;;;;;;;
2015-10-05;9,30;;;;;;;;
2015-10-06;8,67;;;;;;;;
2015-10-07;0,00;;;;;;;;
2015-10-08;0,89;;;;;;;;
2015-10-09;1,19;;;;;;;;
2015-10-10;7,44;;;;;;;;
2015-10-11;1,03;;;;;;;;
2015-10-12;0,08;;;;;;;;
2015-10-13;0,87;;;;;;;;
2015-10-14;5,30;;;;;;;;
2015-10-15;6,63;;;;;;;;
2015-10-16;6,41;;;;;;;;
2015-10-17;0,00;;;;;;;;
2015-10-18;8,29;;;;;;;;
2015-10-19;5,54;;;;;;;;
2015-10-20;0,13;;;;;;;;
2015-10-21;0,40;;;;;;;;
2015-10-22;0,60;;;;;;;;
2015-10-23;9,04;;;;;;;;
2015-10-24;0,00;;;;;;;;
2015-10-25;5,41;;;;;;;;
2015-10-26;3,43;;;;;;;;
2015-10-27;2,83;;;;;;;;
2015-10-28;7,81;;;;;;;;
2015-10-29;0,64;;;;;;;;
2015-10-30;0,00;;;;;;;;
2015-10-31;0,17;;;;;;;;
2015-11-01;0,00;;;;;;;;
2015-11-02;0,27;;;;;;;;
2015-11-03;0,00;;;;;;;;
2015-11-04;0,00;;;;;;;;
2015-11-05;0,00;;;;;;;;
2015-11-06;0,00;;;;;;;;
2015-11-07;0,00;;;;;;;;
2015-11-08;7,29;;;;;;;;
2015-11-09;1,06;;;;;;;;
2015-11-10;0,00;;;;;;;;
2015-11-11;0,04;;;;;;;;
2015-11-12;2,75;;;;;;;;
2015-11-13;0,40;;;;;;;;
2015-11-14;1,12;;;;;;;;
2015-11-15;2,61;;;;;;;;
2015-11-16;0,00;;;;;;;;
2015-11-17;0,72;;;;;;;;
2015-11-18;2,46;;;;;;;;
2015-11-19;0,00;;;;;;;;
2015-11-20;3,49;;;;;;;;
2015-11-21;2,20;;;;;;;;
2015-11-22;0,82;;;;;;;;
2015-11-23;3,91;;;;;;;;
2015-11-24;0,00;;;;;;;;
2015-11-25;0,00;;;;;;;;
2015-11-26;1,03;;;;;;;;
2015-11-27;0,00;;;;;;;;
2015-11-28;0,41;;;;;;;;
2015-11-29;0,44;;;;;;;;
2015-11-30;1,68;;;;;;;;
2015-12-01;5,44;;;;;;;;
2015-12-02;0,00;;;;;;;;
2015-12-03;0,95;;;;;;;;
2015-12-04;2,67;;;;;;;;
2015-12-05;0,00;;;;;;;;
2015-12-06;0,00;;;;;;;;
2015-12-07;4,80;;;;;;;;
2015-12-08;0,00;;;;;;;;
2015-12-09;2,43;;;;;;;;
2015-12-10;0,00;;;;;;;;
2015-12-11;0,00;;;;;;;;
2015-12-12;4,23;;;;;;;;
2015-12-13;5,03;;;;;;;;
2015-12-14;0,00;;;;;;;;
2015-12-15;0,00;;;;;;;;
2015-12-16;0,00;;;;;;;;
2015-12-17;0,00;;;;;;;;
2015-12-18;0,00;;;;;;;;
2015-12-19;0,00;;;;;;;;
2015-12-20;0,00;;;;;;;;
2015-12-21;0,00;;;;;;;;
2015-12-22;0,03;;;;;;;;
2015-12-23;0,19;;;;;;;;
2015-12-24;0,00;;;;;;;;
2015-12-25;0,77;;;;;;;;
2015-12-26;0,00;;;;;;;;
2015-12-27;0,08;;;;;;;;
2015-12-28;1,62;;;;;;;;
2015-12-29;0,66;;;;;;;;
2015-12-30;0,00;;;;;;;;
2015-12-31;2,75;;;;;;;;
2016-01-01;0,00;;;;;;;;
2016-01-02;0,00;;;;;;;;
2016-01-03;0,57;;;;;;;;
2016-01-04;6,09;;;;;;;;
2016-01-05;4,23;;;;;;;;
2016-01-06;6,18;;;;;;;;
2016-01-07;1,30;;;;;;;;
2016-01-08;0,00;;;;;;;;
2016-01-09;0,00;;;;;;;;
2016-01-10;0,00;;;;;;;;
2016-01-11;0,00;;;;;;;;
2016-01-12;0,00;;;;;;;;
2016-01-13;0,00;;;;;;;;
2016-01-14;5,52;;;;;;;;
2016-01-15;6,58;;;;;;;;
2016-01-16;0,00;;;;;;;;
2016-01-17;6,96;;;;;;;;
2016-01-18;5,00;;;;;;;;
2016-01-19;0,00;;;;;;;;
2016-01-20;5,93;;;;;;;;
2016-01-21;3,60;;;;;;;;
2016-01-22;0,00;;;;;;;;
2016-01-23;0,00;;;;;;;;
2016-01-24;0,00;;;;;;;;
2016-01-25;0,00;;;;;;;;
2016-01-26;1,71;;;;;;;;
2016-01-27;0,00;;;;;;;;
2016-01-28;3,54;;;;;;;;
2016-01-29;0,00;;;;;;;;
2016-01-30;0,10;;;;;;;;
2016-01-31;4,34;;;;;;;;
2016-02-01;0,00;;;;;;;;
2016-02-02;0,00;;;;;;;;
2016-02-03;5,51;;;;;;;;
2016-02-04;7,54;;;;;;;;
2016-02-05;1,28;;;;;;;;
2016-02-06;0,00;;;;;;;;
2016-02-07;0,64;;;;;;;;
2016-02-08;0,00;;;;;;;;
2016-02-09;0,06;;;;;;;;
2016-02-10;0,24;;;;;;;;
2016-02-11;0,00;;;;;;;;
2016-02-12;8,37;;;;;;;;
2016-02-13;0,88;;;;;;;;
2016-02-14;8,25;;;;;;;;
2016-02-15;7,24;;;;;;;;
2016-02-16;9,10;;;;;;;;
2016-02-17;2,03;;;;;;;;
2016-02-18;0,00;;;;;;;;
2016-02-19;0,00;;;;;;;;
2016-02-20;0,46;;;;;;;;
2016-02-21;2,77;;;;;;;;
2016-02-22;1,67;;;;;;;;
2016-02-23;6,07;;;;;;;;
2016-02-24;9,75;;;;;;;;
2016-02-25;1,91;;;;;;;;
2016-02-26;9,79;;;;;;;;
2016-02-27;7,68;;;;;;;;
2016-02-28;3,86;;;;;;;;
2016-02-29;2,87;;;;;;;;
2016-03-01;0,81;;;;;;;;
2016-03-02;0,00;;;;;;;;
2016-03-03;0,15;;;;;;;;
2016-03-04;0,00;;;;;;;;
2016-03-05;0,00;;;;;;;;
2016-03-06;0,00;;;;;;;;
2016-03-07;0,02;;;;;;;;
2016-03-08;0,00;;;;;;;;
2016-03-09;5,10;;;;;;;;
2016-03-10;5,84;;;;;;;;
2016-03-11;7,82;;;;;;;;
2016-03-12;0,00;;;;;;;;
2016-03-13;0,00;;;;;;;;
2016-03-14;6,21;;;;;;;;
2016-03-15;8,49;;;;;;;;
2016-03-16;7,10;;;;;;;;
2016-03-17;0,00;;;;;;;;
2016-03-18;8,96;;;;;;;;
2016-03-19;10,05;;;;;;;;
2016-03-20;8,17;;;;;;;;
2016-03-21;9,92;;;;;;;;
2016-03-22;6,58;;;;;;;;
2016-03-23;8,42;;;;;;;;
2016-03-24;8,26;;;;;;;;
2016-03-25;0,35;;;;;;;;
2016-03-26;7,19;;;;;;;;
2016-03-27;2,56;;;;;;;;
2016-03-28;7,15;;;;;;;;
2016-03-29;1,05;;;;;;;;
2016-03-30;0,46;;;;;;;;
2016-03-31;7,19;;;;;;;;
2016-04-01;11,62;;;;;;;;
2016-04-02;4,30;;;;;;;;
2016-04-03;0,02;;;;;;;;
2016-04-04;4,27;;;;;;;;
2016-04-05;0,00;;;;;;;;
2016-04-06;0,17;;;;;;;;
2016-04-07;0,28;;;;;;;;
2016-04-08;0,74;;;;;;;;
2016-04-09;8,38;;;;;;;;
2016-04-10;7,38;;;;;;;;
2016-04-11;13,57;;;;;;;;
2016-04-12;13,45;;;;;;;;
2016-04-13;4,23;;;;;;;;
2016-04-14;6,77;;;;;;;;
2016-04-15;0,00;;;;;;;;
2016-04-16;0,01;;;;;;;;
2016-04-17;1,13;;;;;;;;
2016-04-18;0,96;;;;;;;;
2016-04-19;11,08;;;;;;;;
2016-04-20;14,20;;;;;;;;
2016-04-21;7,54;;;;;;;;
2016-04-22;14,38;;;;;;;;
2016-04-23;13,39;;;;;;;;
2016-04-24;3,36;;;;;;;;
2016-04-25;6,96;;;;;;;;
2016-04-26;4,91;;;;;;;;
2016-04-27;1,51;;;;;;;;
2016-04-28;3,04;;;;;;;;
2016-04-29;5,31;;;;;;;;
2016-04-30;0,72;;;;;;;;
2016-05-01;11,61;;;;;;;;
2016-05-02;9,23;;;;;;;;
2016-05-03;4,39;;;;;;;;
2016-05-04;14,99;;;;;;;;
2016-05-05;14,91;;;;;;;;
2016-05-06;14,15;;;;;;;;
2016-05-07;14,95;;;;;;;;
2016-05-08;15,09;;;;;;;;
2016-05-09;10,97;;;;;;;;
2016-05-10;14,02;;;;;;;;
2016-05-11;14,49;;;;;;;;
2016-05-12;14,74;;;;;;;;
2016-05-13;11,29;;;;;;;;
2016-05-14;0,36;;;;;;;;
2016-05-15;0,07;;;;;;;;
2016-05-16;5,32;;;;;;;;
2016-05-17;10,93;;;;;;;;
2016-05-18;5,36;;;;;;;;
2016-05-19;8,33;;;;;;;;
2016-05-20;0,30;;;;;;;;
2016-05-21;2,09;;;;;;;;
2016-05-22;3,29;;;;;;;;
2016-05-23;3,34;;;;;;;;
2016-05-24;7,48;;;;;;;;
2016-05-25;1,40;;;;;;;;
2016-05-26;14,05;;;;;;;;
2016-05-27;2,97;;;;;;;;
2016-05-28;3,25;;;;;;;;
2016-05-29;6,52;;;;;;;;
2016-05-30;13,57;;;;;;;;
2016-05-31;8,90;;;;;;;;
2016-06-01;10,07;;;;;;;;
2016-06-02;6,13;;;;;;;;
2016-06-03;16,07;;;;;;;;
2016-06-04;15,36;;;;;;;;
2016-06-05;15,80;;;;;;;;
2016-06-06;14,11;;;;;;;;
2016-06-07;11,76;;;;;;;;
2016-06-08;8,14;;;;;;;;
2016-06-09;11,24;;;;;;;;
2016-06-10;9,59;;;;;;;;
2016-06-11;12,22;;;;;;;;
2016-06-12;5,41;;;;;;;;
2016-06-13;10,52;;;;;;;;
2016-06-14;4,87;;;;;;;;
2016-06-15;1,42;;;;;;;;
2016-06-16;2,71;;;;;;;;
2016-06-17;7,70;;;;;;;;
2016-06-18;0,10;;;;;;;;
2016-06-19;0,00;;;;;;;;
2016-06-20;0,52;;;;;;;;
2016-06-21;8,94;;;;;;;;
2016-06-22;6,04;;;;;;;;
2016-06-23;3,40;;;;;;;;
2016-06-24;4,10;;;;;;;;
2016-06-25;6,90;;;;;;;;
2016-06-26;3,18;;;;;;;;
2016-06-27;3,35;;;;;;;;
2016-06-28;8,76;;;;;;;;
2016-06-29;5,09;;;;;;;;
2016-06-30;0,55;;;;;;;;
2016-07-01;2,31;;;;;;;;
2016-07-02;3,23;;;;;;;;
2016-07-03;7,93;;;;;;;;
2016-07-04;6,05;;;;;;;;
2016-07-05;4,33;;;;;;;;
2016-07-06;7,82;;;;;;;;
2016-07-07;9,90;;;;;;;;
2016-07-08;6,67;;;;;;;;
2016-07-09;3,40;;;;;;;;
2016-07-10;0,25;;;;;;;;
2016-07-11;0,92;;;;;;;;
2016-07-12;0,84;;;;;;;;
2016-07-13;1,01;;;;;;;;
2016-07-14;5,89;;;;;;;;
2016-07-15;10,02;;;;;;;;
2016-07-16;0,87;;;;;;;;
2016-07-17;8,22;;;;;;;;
2016-07-18;7,14;;;;;;;;
2016-07-19;12,75;;;;;;;;
2016-07-20;6,43;;;;;;;;
2016-07-21;13,45;;;;;;;;
2016-07-22;15,30;;;;;;;;
2016-07-23;3,70;;;;;;;;
2016-07-24;12,47;;;;;;;;
2016-07-25;8,84;;;;;;;;
2016-07-26;5,74;;;;;;;;
2016-07-27;6,82;;;;;;;;
2016-07-28;9,36;;;;;;;;
2016-07-29;4,58;;;;;;;;
2016-07-30;11,05;;;;;;;;
2016-07-31;4,59;;;;;;;;
2016-08-01;5,67;;;;;;;;
2016-08-02;7,91;;;;;;;;
2016-08-03;5,70;;;;;;;;
2016-08-04;2,73;;;;;;;;
2016-08-05;4,88;;;;;;;;
2016-08-06;0,54;;;;;;;;
2016-08-07;3,34;;;;;;;;
2016-08-08;3,10;;;;;;;;
2016-08-09;4,11;;;;;;;;
2016-08-10;4,11;;;;;;;;
2016-08-11;11,46;;;;;;;;
2016-08-12;1,18;;;;;;;;
2016-08-13;2,92;;;;;;;;
2016-08-14;13,31;;;;;;;;
2016-08-15;12,32;;;;;;;;
2016-08-16;8,81;;;;;;;;
2016-08-17;8,56;;;;;;;;
2016-08-18;3,95;;;;;;;;
2016-08-19;7,26;;;;;;;;
2016-08-20;0,52;;;;;;;;
2016-08-21;6,55;;;;;;;;
2016-08-22;4,05;;;;;;;;
2016-08-23;10,27;;;;;;;;
2016-08-24;5,69;;;;;;;;
2016-08-25;7,98;;;;;;;;
2016-08-26;10,98;;;;;;;;
2016-08-27;10,35;;;;;;;;
2016-08-28;0,00;;;;;;;;
2016-08-29;2,48;;;;;;;;
2016-08-30;4,52;;;;;;;;
2016-08-31;4,38;;;;;;;;
2016-09-01;7,53;;;;;;;;
2016-09-02;1,61;;;;;;;;
2016-09-03;6,17;;;;;;;;
2016-09-04;11,72;;;;;;;;
2016-09-05;12,54;;;;;;;;
2016-09-06;9,16;;;;;;;;
2016-09-07;0,00;;;;;;;;
2016-09-08;4,62;;;;;;;;
2016-09-09;6,46;;;;;;;;
2016-09-10;9,00;;;;;;;;
2016-09-11;5,99;;;;;;;;
2016-09-12;6,42;;;;;;;;
2016-09-13;10,24;;;;;;;;
2016-09-14;8,51;;;;;;;;
2016-09-15;9,82;;;;;;;;
2016-09-16;2,96;;;;;;;;
2016-09-17;11,76;;;;;;;;
2016-09-18;1,88;;;;;;;;
2016-09-19;1,82;;;;;;;;
2016-09-20;4,26;;;;;;;;
2016-09-21;8,50;;;;;;;;
2016-09-22;0,27;;;;;;;;
2016-09-23;3,14;;;;;;;;
2016-09-24;7,31;;;;;;;;
2016-09-25;7,35;;;;;;;;
2016-09-26;0,20;;;;;;;;
2016-09-27;4,37;;;;;;;;
2016-09-28;3,49;;;;;;;;
2016-09-29;1,79;;;;;;;;
2016-09-30;3,24;;;;;;;;
2016-10-01;6,31;;;;;;;;
2016-10-02;6,59;;;;;;;;
2016-10-03;10,55;;;;;;;;
2016-10-04;9,22;;;;;;;;
2016-10-05;10,67;;;;;;;;
2016-10-06;10,43;;;;;;;;
2016-10-07;7,11;;;;;;;;
2016-10-08;0,73;;;;;;;;
2016-10-09;0,56;;;;;;;;
2016-10-10;0,88;;;;;;;;
2016-10-11;0,00;;;;;;;;
2016-10-12;0,00;;;;;;;;
2016-10-13;0,41;;;;;;;;
2016-10-14;6,39;;;;;;;;
2016-10-15;1,92;;;;;;;;
2016-10-16;0,00;;;;;;;;
2016-10-17;0,00;;;;;;;;
2016-10-18;0,00;;;;;;;;
2016-10-19;0,00;;;;;;;;
2016-10-20;0,00;;;;;;;;
2016-10-21;0,00;;;;;;;;
2016-10-22;0,00;;;;;;;;
2016-10-23;0,00;;;;;;;;
2016-10-24;4,13;;;;;;;;
2016-10-25;2,31;;;;;;;;
2016-10-26;0,43;;;;;;;;
2016-10-27;4,89;;;;;;;;
2016-10-28;7,67;;;;;;;;
2016-10-29;8,54;;;;;;;;
2016-10-30;7,76;;;;;;;;
2016-10-31;0,00;;;;;;;;
2016-11-01;1,40;;;;;;;;
2016-11-02;1,10;;;;;;;;
2016-11-03;5,37;;;;;;;;
2016-11-04;0,00;;;;;;;;
2016-11-05;0,00;;;;;;;;
2016-11-06;0,00;;;;;;;;
2016-11-07;5,61;;;;;;;;
2016-11-08;0,45;;;;;;;;
2016-11-09;4,56;;;;;;;;
2016-11-10;0,40;;;;;;;;
2016-11-11;0,20;;;;;;;;
2016-11-12;5,99;;;;;;;;
2016-11-13;1,67;;;;;;;;
2016-11-14;0,00;;;;;;;;
2016-11-15;0,00;;;;;;;;
2016-11-16;0,00;;;;;;;;
2016-11-17;1,15;;;;;;;;
2016-11-18;0,00;;;;;;;;
2016-11-19;0,02;;;;;;;;
2016-11-20;1,41;;;;;;;;
2016-11-21;0,01;;;;;;;;
2016-11-22;0,00;;;;;;;;
2016-11-23;2,64;;;;;;;;
2016-11-24;2,42;;;;;;;;
2016-11-25;0,80;;;;;;;;
2016-11-26;0,13;;;;;;;;
2016-11-27;6,73;;;;;;;;
2016-11-28;6,42;;;;;;;;
2016-11-29;0,68;;;;;;;;
2016-11-30;1,89;;;;;;;;
2016-12-01;0,00;;;;;;;;
2016-12-02;6,39;;;;;;;;
2016-12-03;2,97;;;;;;;;
2016-12-04;3,85;;;;;;;;
2016-12-05;1,24;;;;;;;;
2016-12-06;3,90;;;;;;;;
2016-12-07;0,00;;;;;;;;
2016-12-08;2,83;;;;;;;;
2016-12-09;0,15;;;;;;;;
2016-12-10;0,00;;;;;;;;
2016-12-11;3,52;;;;;;;;
2016-12-12;4,40;;;;;;;;
2016-12-13;0,00;;;;;;;;
2016-12-14;5,97;;;;;;;;
2016-12-15;0,77;;;;;;;;
2016-12-16;0,00;;;;;;;;
2016-12-17;0,00;;;;;;;;
2016-12-18;0,00;;;;;;;;
2016-12-19;0,00;;;;;;;;
2016-12-20;0,00;;;;;;;;
2016-12-21;0,00;;;;;;;;
2016-12-22;4,17;;;;;;;;
2016-12-23;3,09;;;;;;;;
2016-12-24;0,66;;;;;;;;
2016-12-25;0,00;;;;;;;;
2016-12-26;1,10;;;;;;;;
2016-12-27;3,57;;;;;;;;
2016-12-28;4,15;;;;;;;;
2016-12-29;0,00;;;;;;;;
2016-12-30;0,00;;;;;;;;
2016-12-31;0,00;;;;;;;;
2017-01-01;0,75;;;;;;;;
2017-01-02;5,06;;;;;;;;
2017-01-03;0,00;;;;;;;;
2017-01-04;0,44;;;;;;;;
2017-01-05;6,27;;;;;;;;
2017-01-06;1,43;;;;;;;;
2017-01-07;0,00;;;;;;;;
2017-01-08;0,00;;;;;;;;
2017-01-09;0,00;;;;;;;;
2017-01-10;0,00;;;;;;;;
2017-01-11;0,00;;;;;;;;
2017-01-12;0,39;;;;;;;;
2017-01-13;3,39;;;;;;;;
2017-01-14;1,37;;;;;;;;
2017-01-15;6,85;;;;;;;;
2017-01-16;6,53;;;;;;;;
2017-01-17;0,00;;;;;;;;
2017-01-18;0,00;;;;;;;;
2017-01-19;2,32;;;;;;;;
2017-01-20;6,12;;;;;;;;
2017-01-21;0,00;;;;;;;;
2017-01-22;0,00;;;;;;;;
2017-01-23;4,65;;;;;;;;
2017-01-24;0,00;;;;;;;;
2017-01-25;0,00;;;;;;;;
2017-01-26;0,00;;;;;;;;
2017-01-27;3,49;;;;;;;;
2017-01-28;3,72;;;;;;;;
2017-01-29;0,00;;;;;;;;
2017-01-30;0,08;;;;;;;;
2017-01-31;0,00;;;;;;;;
2017-02-01;0,00;;;;;;;;
2017-02-02;0,00;;;;;;;;
2017-02-03;0,00;;;;;;;;
2017-02-04;0,00;;;;;;;;
2017-02-05;0,00;;;;;;;;
2017-02-06;1,03;;;;;;;;
2017-02-07;2,28;;;;;;;;
2017-02-08;0,80;;;;;;;;
2017-02-09;0,00;;;;;;;;
2017-02-10;0,00;;;;;;;;
2017-02-11;5,43;;;;;;;;
2017-02-12;0,00;;;;;;;;
2017-02-13;7,95;;;;;;;;
2017-02-14;4,61;;;;;;;;
2017-02-15;8,82;;;;;;;;
2017-02-16;0,00;;;;;;;;
2017-02-17;0,00;;;;;;;;
2017-02-18;0,00;;;;;;;;
2017-02-19;0,25;;;;;;;;
2017-02-20;0,00;;;;;;;;
2017-02-21;6,43;;;;;;;;
2017-02-22;3,68;;;;;;;;
2017-02-23;1,13;;;;;;;;
2017-02-24;9,72;;;;;;;;
2017-02-25;5,95;;;;;;;;
2017-02-26;0,00;;;;;;;;
2017-02-27;0,00;;;;;;;;
2017-02-28;0,94;;;;;;;;
2017-03-01;0,00;;;;;;;;
2017-03-02;1,47;;;;;;;;
2017-03-03;2,31;;;;;;;;
2017-03-04;0,00;;;;;;;;
2017-03-05;0,00;;;;;;;;
2017-03-06;0,00;;;;;;;;
2017-03-07;3,06;;;;;;;;
2017-03-08;2,00;;;;;;;;
2017-03-09;0,00;;;;;;;;
2017-03-10;9,93;;;;;;;;
2017-03-11;10,03;;;;;;;;
2017-03-12;4,31;;;;;;;;
2017-03-13;0,21;;;;;;;;
2017-03-14;0,00;;;;;;;;
2017-03-15;9,98;;;;;;;;
2017-03-16;2,45;;;;;;;;
2017-03-17;5,74;;;;;;;;
2017-03-18;7,74;;;;;;;;
2017-03-19;1,02;;;;;;;;
2017-03-20;1,87;;;;;;;;
2017-03-21;1,53;;;;;;;;
2017-03-22;0,66;;;;;;;;
2017-03-23;11,47;;;;;;;;
2017-03-24;8,76;;;;;;;;
2017-03-25;9,21;;;;;;;;
2017-03-26;7,08;;;;;;;;
2017-03-27;0,00;;;;;;;;
2017-03-28;0,00;;;;;;;;
2017-03-29;0,00;;;;;;;;
2017-03-30;0,18;;;;;;;;
2017-03-31;0,32;;;;;;;;
2017-04-01;0,33;;;;;;;;
2017-04-02;3,58;;;;;;;;
2017-04-03;9,12;;;;;;;;
2017-04-04;5,13;;;;;;;;
2017-04-05;8,20;;;;;;;;
2017-04-06;2,29;;;;;;;;
2017-04-07;12,26;;;;;;;;
2017-04-08;8,13;;;;;;;;
2017-04-09;3,15;;;;;;;;
2017-04-10;9,86;;;;;;;;
2017-04-11;11,39;;;;;;;;
2017-04-12;5,59;;;;;;;;
2017-04-13;0,36;;;;;;;;
2017-04-14;11,46;;;;;;;;
2017-04-15;3,88;;;;;;;;
2017-04-16;0,47;;;;;;;;
2017-04-17;3,51;;;;;;;;
2017-04-18;9,65;;;;;;;;
2017-04-19;9,29;;;;;;;;
2017-04-20;0,00;;;;;;;;
2017-04-21;4,76;;;;;;;;
2017-04-22;13,13;;;;;;;;
2017-04-23;13,60;;;;;;;;
2017-04-24;3,10;;;;;;;;
2017-04-25;2,44;;;;;;;;
2017-04-26;14,57;;;;;;;;
2017-04-27;11,20;;;;;;;;
2017-04-28;0,00;;;;;;;;
2017-04-29;10,47;;;;;;;;
2017-04-30;14,55;;;;;;;;
2017-05-01;14,74;;;;;;;;
2017-05-02;14,77;;;;;;;;
2017-05-03;13,06;;;;;;;;
2017-05-04;15,16;;;;;;;;
2017-05-05;14,75;;;;;;;;
2017-05-06;15,20;;;;;;;;
2017-05-07;3,06;;;;;;;;
2017-05-08;12,52;;;;;;;;
2017-05-09;9,17;;;;;;;;
2017-05-10;4,05;;;;;;;;
2017-05-11;0,00;;;;;;;;
2017-05-12;9,65;;;;;;;;
2017-05-13;0,12;;;;;;;;
2017-05-14;0,97;;;;;;;;
2017-05-15;4,59;;;;;;;;
2017-05-16;0,00;;;;;;;;
2017-05-17;0,00;;;;;;;;
2017-05-18;13,41;;;;;;;;
2017-05-19;7,20;;;;;;;;
2017-05-20;9,49;;;;;;;;
2017-05-21;11,72;;;;;;;;
2017-05-22;7,97;;;;;;;;
2017-05-23;13,63;;;;;;;;
2017-05-24;10,45;;;;;;;;
2017-05-25;14,10;;;;;;;;
2017-05-26;15,98;;;;;;;;
2017-05-27;15,62;;;;;;;;
2017-05-28;7,13;;;;;;;;
2017-05-29;0,00;;;;;;;;
2017-05-30;1,65;;;;;;;;
2017-05-31;6,27;;;;;;;;
2017-06-01;15,47;;;;;;;;
2017-06-02;0,62;;;;;;;;
2017-06-03;3,59;;;;;;;;
2017-06-04;0,00;;;;;;;;
2017-06-05;8,92;;;;;;;;
2017-06-06;6,55;;;;;;;;
2017-06-07;0,27;;;;;;;;
2017-06-08;2,70;;;;;;;;
2017-06-09;1,11;;;;;;;;
2017-06-10;8,04;;;;;;;;
2017-06-11;0,00;;;;;;;;
2017-06-12;1,10;;;;;;;;
2017-06-13;14,30;;;;;;;;
2017-06-14;15,41;;;;;;;;
2017-06-15;8,36;;;;;;;;
2017-06-16;0,60;;;;;;;;
2017-06-17;13,47;;;;;;;;
2017-06-18;12,56;;;;;;;;
2017-06-19;11,52;;;;;;;;
2017-06-20;13,02;;;;;;;;
2017-06-21;15,41;;;;;;;;
2017-06-22;0,13;;;;;;;;
2017-06-23;1,61;;;;;;;;
2017-06-24;8,66;;;;;;;;
2017-06-25;3,39;;;;;;;;
2017-06-26;12,49;;;;;;;;
2017-06-27;14,33;;;;;;;;
2017-06-28;6,36;;;;;;;;
2017-06-29;1,67;;;;;;;;
2017-06-30;2,49;;;;;;;;
2017-07-01;16,43;;;;;;;;
2017-07-02;4,54;;;;;;;;
2017-07-03;6,57;;;;;;;;
2017-07-04;15,39;;;;;;;;
2017-07-05;13,94;;;;;;;;
2017-07-06;12,95;;;;;;;;
2017-07-07;4,53;;;;;;;;
2017-07-08;3,91;;;;;;;;
2017-07-09;10,46;;;;;;;;
2017-07-10;5,77;;;;;;;;
2017-07-11;5,58;;;;;;;;
2017-07-12;8,51;;;;;;;;
2017-07-13;15,67;;;;;;;;
2017-07-14;9,18;;;;;;;;
2017-07-15;14,59;;;;;;;;
2017-07-16;4,05;;;;;;;;
2017-07-17;11,25;;;;;;;;
2017-07-18;10,37;;;;;;;;
2017-07-19;14,50;;;;;;;;
2017-07-20;15,60;;;;;;;;
2017-07-21;0,00;;;;;;;;
2017-07-22;12,24;;;;;;;;
2017-07-23;4,16;;;;;;;;
2017-07-24;1,36;;;;;;;;
2017-07-25;5,84;;;;;;;;
2017-07-26;7,48;;;;;;;;
2017-07-27;1,88;;;;;;;;
2017-07-28;9,37;;;;;;;;
2017-07-29;2,15;;;;;;;;
2017-07-30;2,96;;;;;;;;
2017-07-31;5,52;;;;;;;;
2017-08-01;9,91;;;;;;;;
2017-08-02;8,18;;;;;;;;
2017-08-03;2,52;;;;;;;;
2017-08-04;1,36;;;;;;;;
2017-08-05;7,49;;;;;;;;
2017-08-06;4,60;;;;;;;;
2017-08-07;3,91;;;;;;;;
2017-08-08;3,77;;;;;;;;
2017-08-09;2,85;;;;;;;;
2017-08-10;6,99;;;;;;;;
2017-08-11;5,58;;;;;;;;
2017-08-12;0,12;;;;;;;;
2017-08-13;5,73;;;;;;;;
2017-08-14;11,58;;;;;;;;
2017-08-15;7,83;;;;;;;;
2017-08-16;7,82;;;;;;;;
2017-08-17;8,28;;;;;;;;
2017-08-18;4,20;;;;;;;;
2017-08-19;4,78;;;;;;;;
2017-08-20;5,11;;;;;;;;
2017-08-21;11,16;;;;;;;;
2017-08-22;11,01;;;;;;;;
2017-08-23;13,37;;;;;;;;
2017-08-24;3,45;;;;;;;;
2017-08-25;0,20;;;;;;;;
2017-08-26;1,28;;;;;;;;
2017-08-27;4,25;;;;;;;;
2017-08-28;8,34;;;;;;;;
2017-08-29;4,34;;;;;;;;
2017-08-30;4,17;;;;;;;;
2017-08-31;0,00;;;;;;;;
2017-09-01;10,30;;;;;;;;
2017-09-02;9,61;;;;;;;;
2017-09-03;10,08;;;;;;;;
2017-09-04;0,00;;;;;;;;
2017-09-05;0,00;;;;;;;;
2017-09-06;0,00;;;;;;;;
2017-09-07;0,41;;;;;;;;
2017-09-08;0,05;;;;;;;;
2017-09-09;1,36;;;;;;;;
2017-09-10;3,05;;;;;;;;
2017-09-11;1,15;;;;;;;;
2017-09-12;6,03;;;;;;;;
2017-09-13;0,22;;;;;;;;
2017-09-14;5,02;;;;;;;;
2017-09-15;5,83;;;;;;;;
2017-09-16;8,49;;;;;;;;
2017-09-17;0,31;;;;;;;;
2017-09-18;5,88;;;;;;;;
2017-09-19;0,00;;;;;;;;
2017-09-20;0,14;;;;;;;;
2017-09-21;0,00;;;;;;;;
2017-09-22;2,04;;;;;;;;
2017-09-23;0,41;;;;;;;;
2017-09-24;3,22;;;;;;;;
2017-09-25;8,02;;;;;;;;
2017-09-26;4,21;;;;;;;;
2017-09-27;3,98;;;;;;;;
2017-09-28;7,21;;;;;;;;
2017-09-29;2,20;;;;;;;;
2017-09-30;9,61;;;;;;;;
2017-10-01;2,16;;;;;;;;
2017-10-02;0,58;;;;;;;;
2017-10-03;0,27;;;;;;;;
2017-10-04;0,62;;;;;;;;
2017-10-05;9,98;;;;;;;;
2017-10-06;10,44;;;;;;;;
2017-10-07;0,00;;;;;;;;
2017-10-08;7,31;;;;;;;;
2017-10-09;10,31;;;;;;;;
2017-10-10;5,68;;;;;;;;
2017-10-11;0,29;;;;;;;;
2017-10-12;1,75;;;;;;;;
2017-10-13;3,53;;;;;;;;
2017-10-14;1,93;;;;;;;;
2017-10-15;0,04;;;;;;;;
2017-10-16;1,84;;;;;;;;
2017-10-17;0,17;;;;;;;;
2017-10-18;5,11;;;;;;;;
2017-10-19;1,51;;;;;;;;
2017-10-20;0,00;;;;;;;;
2017-10-21;0,00;;;;;;;;
2017-10-22;0,00;;;;;;;;
2017-10-23;0,00;;;;;;;;
2017-10-24;0,00;;;;;;;;
2017-10-25;0,20;;;;;;;;
2017-10-26;2,72;;;;;;;;
2017-10-27;3,38;;;;;;;;
2017-10-28;7,47;;;;;;;;
2017-10-29;7,28;;;;;;;;
2017-10-30;8,39;;;;;;;;
2017-10-31;2,03;;;;;;;;
2017-11-01;0,00;;;;;;;;
2017-11-02;6,83;;;;;;;;
2017-11-03;0,00;;;;;;;;
2017-11-04;0,00;;;;;;;;
2017-11-05;0,04;;;;;;;;
2017-11-06;5,97;;;;;;;;
2017-11-07;4,87;;;;;;;;
2017-11-08;5,92;;;;;;;;
2017-11-09;0,00;;;;;;;;
2017-11-10;0,05;;;;;;;;
2017-11-11;5,66;;;;;;;;
2017-11-12;7,55;;;;;;;;
2017-11-13;7,03;;;;;;;;
2017-11-14;0,00;;;;;;;;
2017-11-15;5,19;;;;;;;;
2017-11-16;1,88;;;;;;;;
2017-11-17;1,74;;;;;;;;
2017-11-18;1,62;;;;;;;;
2017-11-19;0,11;;;;;;;;
2017-11-20;5,79;;;;;;;;
2017-11-21;4,33;;;;;;;;
2017-11-22;0,00;;;;;;;;
2017-11-23;0,00;;;;;;;;
2017-11-24;0,03;;;;;;;;
2017-11-25;5,37;;;;;;;;
2017-11-26;0,22;;;;;;;;
2017-11-27;0,30;;;;;;;;
2017-11-28;0,00;;;;;;;;
2017-11-29;0,00;;;;;;;;
2017-11-30;0,33;;;;;;;;
2017-12-01;0,00;;;;;;;;
2017-12-02;0,00;;;;;;;;
2017-12-03;2,38;;;;;;;;
2017-12-04;5,91;;;;;;;;
2017-12-05;0,00;;;;;;;;
2017-12-06;0,00;;;;;;;;
2017-12-07;0,00;;;;;;;;
2017-12-08;0,00;;;;;;;;
2017-12-09;0,69;;;;;;;;
2017-12-10;0,72;;;;;;;;
2017-12-11;0,95;;;;;;;;
2017-12-12;1,68;;;;;;;;
2017-12-13;0,00;;;;;;;;
2017-12-14;0,00;;;;;;;;
2017-12-15;0,00;;;;;;;;
2017-12-16;0,51;;;;;;;;
2017-12-17;5,81;;;;;;;;
2017-12-18;0,00;;;;;;;;
2017-12-19;0,88;;;;;;;;
2017-12-20;0,00;;;;;;;;
2017-12-21;1,88;;;;;;;;
2017-12-22;1,01;;;;;;;;
2017-12-23;0,00;;;;;;;;
2017-12-24;0,00;;;;;;;;
2017-12-25;0,00;;;;;;;;
2017-12-26;0,00;;;;;;;;
2017-12-27;0,00;;;;;;;;
2017-12-28;0,00;;;;;;;;
2017-12-29;0,45;;;;;;;;
2017-12-30;0,00;;;;;;;;
2017-12-31;0,00;;;;;;;;
2018-01-01;0,00;;;;;;;;
2018-01-02;3,70;;;;;;;;
2018-01-03;0,00;;;;;;;;
2018-01-04;0,20;;;;;;;;
2018-01-05;0,00;;;;;;;;
2018-01-06;0,38;;;;;;;;
2018-01-07;6,19;;;;;;;;
2018-01-08;2,80;;;;;;;;
2018-01-09;6,47;;;;;;;;
2018-01-10;0,00;;;;;;;;
2018-01-11;0,00;;;;;;;;
2018-01-12;0,00;;;;;;;;
2018-01-13;0,00;;;;;;;;
2018-01-14;0,00;;;;;;;;
2018-01-15;0,00;;;;;;;;
2018-01-16;0,00;;;;;;;;
2018-01-17;0,20;;;;;;;;
2018-01-18;0,00;;;;;;;;
2018-01-19;6,65;;;;;;;;
2018-01-20;0,00;;;;;;;;
2018-01-21;0,00;;;;;;;;
2018-01-22;0,00;;;;;;;;
2018-01-23;0,00;;;;;;;;
2018-01-24;0,00;;;;;;;;
2018-01-25;0,00;;;;;;;;
2018-01-26;0,00;;;;;;;;
2018-01-27;4,29;;;;;;;;
2018-01-28;0,00;;;;;;;;
2018-01-29;0,00;;;;;;;;
2018-01-30;4,23;;;;;;;;
2018-01-31;0,00;;;;;;;;
2018-02-01;0,31;;;;;;;;
2018-02-02;0,04;;;;;;;;
2018-02-03;0,00;;;;;;;;
2018-02-04;0,16;;;;;;;;
2018-02-05;8,02;;;;;;;;
2018-02-06;0,00;;;;;;;;
2018-02-07;0,00;;;;;;;;
2018-02-08;1,03;;;;;;;;
2018-02-09;3,92;;;;;;;;
2018-02-10;1,30;;;;;;;;
2018-02-11;0,00;;;;;;;;
2018-02-12;0,05;;;;;;;;
2018-02-13;0,03;;;;;;;;
2018-02-14;4,63;;;;;;;;
2018-02-15;0,63;;;;;;;;
2018-02-16;0,32;;;;;;;;
2018-02-17;0,89;;;;;;;;
2018-02-18;0,00;;;;;;;;
2018-02-19;0,00;;;;;;;;
2018-02-20;1,64;;;;;;;;
2018-02-21;0,00;;;;;;;;
2018-02-22;2,19;;;;;;;;
2018-02-23;0,00;;;;;;;;
2018-02-24;7,72;;;;;;;;
2018-02-25;9,47;;;;;;;;
2018-02-26;9,69;;;;;;;;
2018-02-27;7,29;;;;;;;;
2018-02-28;7,13;;;;;;;;
2018-03-01;5,53;;;;;;;;
2018-03-02;1,35;;;;;;;;
2018-03-03;0,06;;;;;;;;
2018-03-04;0,44;;;;;;;;
2018-03-05;0,00;;;;;;;;
2018-03-06;0,00;;;;;;;;
2018-03-07;5,13;;;;;;;;
2018-03-08;0,00;;;;;;;;
2018-03-09;0,00;;;;;;;;
2018-03-10;2,76;;;;;;;;
2018-03-11;0,00;;;;;;;;
2018-03-12;0,00;;;;;;;;
2018-03-13;0,00;;;;;;;;
2018-03-14;5,27;;;;;;;;
2018-03-15;2,64;;;;;;;;
2018-03-16;10,85;;;;;;;;
2018-03-17;11,41;;;;;;;;
2018-03-18;11,67;;;;;;;;
2018-03-19;4,18;;;;;;;;
2018-03-20;11,64;;;;;;;;
2018-03-21;4,30;;;;;;;;
2018-03-22;0,00;;;;;;;;
2018-03-23;0,00;;;;;;;;
2018-03-24;0,00;;;;;;;;
2018-03-25;7,24;;;;;;;;
2018-03-26;0,00;;;;;;;;
2018-03-27;0,37;;;;;;;;
2018-03-28;11,59;;;;;;;;
2018-03-29;9,69;;;;;;;;
2018-03-30;12,28;;;;;;;;
2018-03-31;10,81;;;;;;;;
2018-04-01;9,24;;;;;;;;
2018-04-02;12,33;;;;;;;;
2018-04-03;0,02;;;;;;;;
2018-04-04;1,63;;;;;;;;
2018-04-05;0,37;;;;;;;;
2018-04-06;12,81;;;;;;;;
2018-04-07;7,63;;;;;;;;
2018-04-08;10,43;;;;;;;;
2018-04-09;5,62;;;;;;;;
2018-04-10;7,18;;;;;;;;
2018-04-11;11,43;;;;;;;;
2018-04-12;11,32;;;;;;;;
2018-04-13;12,01;;;;;;;;
2018-04-14;6,55;;;;;;;;
2018-04-15;0,54;;;;;;;;
2018-04-16;1,41;;;;;;;;
2018-04-17;0,43;;;;;;;;
2018-04-18;5,51;;;;;;;;
2018-04-19;5,05;;;;;;;;
2018-04-20;12,77;;;;;;;;
2018-04-21;14,10;;;;;;;;
2018-04-22;8,87;;;;;;;;
2018-04-23;3,12;;;;;;;;
2018-04-24;0,00;;;;;;;;
2018-04-25;5,66;;;;;;;;
2018-04-26;0,53;;;;;;;;
2018-04-27;4,50;;;;;;;;
2018-04-28;3,78;;;;;;;;
2018-04-29;4,35;;;;;;;;
2018-04-30;0,11;;;;;;;;
2018-05-01;1,17;;;;;;;;
2018-05-02;10,99;;;;;;;;
2018-05-03;7,59;;;;;;;;
2018-05-04;9,22;;;;;;;;
2018-05-05;10,55;;;;;;;;
2018-05-06;13,32;;;;;;;;
2018-05-07;15,10;;;;;;;;
2018-05-08;15,08;;;;;;;;
2018-05-09;15,34;;;;;;;;
2018-05-10;13,12;;;;;;;;
2018-05-11;10,24;;;;;;;;
2018-05-12;11,26;;;;;;;;
2018-05-13;7,19;;;;;;;;
2018-05-14;13,28;;;;;;;;
2018-05-15;15,42;;;;;;;;
2018-05-16;11,18;;;;;;;;
2018-05-17;9,38;;;;;;;;
2018-05-18;14,35;;;;;;;;
2018-05-19;15,67;;;;;;;;
2018-05-20;12,38;;;;;;;;
2018-05-21;12,73;;;;;;;;
2018-05-22;15,78;;;;;;;;
2018-05-23;15,72;;;;;;;;
2018-05-24;15,77;;;;;;;;
2018-05-25;14,07;;;;;;;;
2018-05-26;12,09;;;;;;;;
2018-05-27;3,73;;;;;;;;
2018-05-28;2,43;;;;;;;;
2018-05-29;4,24;;;;;;;;
2018-05-30;15,84;;;;;;;;
2018-05-31;16,01;;;;;;;;
2018-06-01;16,04;;;;;;;;
2018-06-02;15,76;;;;;;;;
2018-06-03;15,79;;;;;;;;
2018-06-04;10,60;;;;;;;;
2018-06-05;16,30;;;;;;;;
2018-06-06;8,32;;;;;;;;
2018-06-07;15,62;;;;;;;;
2018-06-08;16,29;;;;;;;;
2018-06-09;13,63;;;;;;;;
2018-06-10;5,14;;;;;;;;
2018-06-11;0,68;;;;;;;;
2018-06-12;10,32;;;;;;;;
2018-06-13;14,54;;;;;;;;
2018-06-14;2,34;;;;;;;;
2018-06-15;8,02;;;;;;;;
2018-06-16;7,88;;;;;;;;
2018-06-17;2,36;;;;;;;;
2018-06-18;2,94;;;;;;;;
2018-06-19;7,53;;;;;;;;
2018-06-20;2,30;;;;;;;;
2018-06-21;3,26;;;;;;;;
2018-06-22;9,84;;;;;;;;
2018-06-23;13,92;;;;;;;;
2018-06-24;16,11;;;;;;;;
2018-06-25;10,61;;;;;;;;
2018-06-26;16,28;;;;;;;;
2018-06-27;14,87;;;;;;;;
2018-06-28;16,38;;;;;;;;
2018-06-29;16,44;;;;;;;;
2018-06-30;16,53;;;;;;;;
2018-07-01;16,51;;;;;;;;
2018-07-02;16,50;;;;;;;;
2018-07-03;16,42;;;;;;;;
2018-07-04;15,84;;;;;;;;
2018-07-05;8,75;;;;;;;;
2018-07-06;12,50;;;;;;;;
2018-07-07;11,67;;;;;;;;
2018-07-08;15,65;;;;;;;;
2018-07-09;8,89;;;;;;;;
2018-07-10;10,82;;;;;;;;
2018-07-11;8,66;;;;;;;;
2018-07-12;11,90;;;;;;;;
2018-07-13;16,01;;;;;;;;
2018-07-14;4,02;;;;;;;;
2018-07-15;4,58;;;;;;;;
2018-07-16;12,69;;;;;;;;
2018-07-17;5,70;;;;;;;;
2018-07-18;2,93;;;;;;;;
2018-07-19;13,34;;;;;;;;
2018-07-20;15,39;;;;;;;;
2018-07-21;11,18;;;;;;;;
2018-07-22;6,21;;;;;;;;
2018-07-23;8,42;;;;;;;;
2018-07-24;8,72;;;;;;;;
2018-07-25;15,68;;;;;;;;
2018-07-26;15,68;;;;;;;;
2018-07-27;12,89;;;;;;;;
2018-07-28;8,57;;;;;;;;
2018-07-29;11,36;;;;;;;;
2018-07-30;4,81;;;;;;;;
2018-07-31;9,05;;;;;;;;
2018-08-01;7,26;;;;;;;;
2018-08-02;13,74;;;;;;;;
2018-08-03;9,44;;;;;;;;
2018-08-04;10,21;;;;;;;;
2018-08-05;10,81;;;;;;;;
2018-08-06;5,12;;;;;;;;
2018-08-07;10,50;;;;;;;;
2018-08-08;5,42;;;;;;;;
2018-08-09;11,56;;;;;;;;
2018-08-10;2,68;;;;;;;;
2018-08-11;4,18;;;;;;;;
2018-08-12;12,47;;;;;;;;
2018-08-13;10,89;;;;;;;;
2018-08-14;0,00;;;;;;;;
2018-08-15;5,62;;;;;;;;
2018-08-16;0,29;;;;;;;;
2018-08-17;4,08;;;;;;;;
2018-08-18;2,00;;;;;;;;
2018-08-19;1,85;;;;;;;;
2018-08-20;6,89;;;;;;;;
2018-08-21;13,63;;;;;;;;
2018-08-22;0,24;;;;;;;;
2018-08-23;1,69;;;;;;;;
2018-08-24;1,74;;;;;;;;
2018-08-25;8,73;;;;;;;;
2018-08-26;7,54;;;;;;;;
2018-08-27;0,34;;;;;;;;
2018-08-28;5,27;;;;;;;;
2018-08-29;1,48;;;;;;;;
2018-08-30;0,00;;;;;;;;
2018-08-31;0,00;;;;;;;;
2018-09-01;3,42;;;;;;;;
2018-09-02;12,61;;;;;;;;
2018-09-03;12,20;;;;;;;;
2018-09-04;2,87;;;;;;;;
2018-09-05;4,40;;;;;;;;
2018-09-06;4,21;;;;;;;;
2018-09-07;1,25;;;;;;;;
2018-09-08;4,26;;;;;;;;
2018-09-09;0,06;;;;;;;;
2018-09-10;3,77;;;;;;;;
2018-09-11;0,00;;;;;;;;
2018-09-12;2,98;;;;;;;;
2018-09-13;2,33;;;;;;;;
2018-09-14;0,53;;;;;;;;
2018-09-15;7,19;;;;;;;;
2018-09-16;2,27;;;;;;;;
2018-09-17;4,87;;;;;;;;
2018-09-18;11,03;;;;;;;;
2018-09-19;1,08;;;;;;;;
2018-09-20;0,97;;;;;;;;
2018-09-21;0,65;;;;;;;;
2018-09-22;3,73;;;;;;;;
2018-09-23;6,49;;;;;;;;
2018-09-24;10,60;;;;;;;;
2018-09-25;8,66;;;;;;;;
2018-09-26;0,01;;;;;;;;
2018-09-27;0,06;;;;;;;;
2018-09-28;10,14;;;;;;;;
2018-09-29;0,37;;;;;;;;
2018-09-30;1,05;;;;;;;;
2018-10-01;3,57;;;;;;;;
2018-10-02;0,54;;;;;;;;
2018-10-03;7,17;;;;;;;;
2018-10-04;0,24;;;;;;;;
2018-10-05;1,07;;;;;;;;
2018-10-06;0,00;;;;;;;;
2018-10-07;9,12;;;;;;;;
2018-10-08;0,00;;;;;;;;
2018-10-09;0,00;;;;;;;;
2018-10-10;2,78;;;;;;;;
2018-10-11;9,86;;;;;;;;
2018-10-12;8,96;;;;;;;;
2018-10-13;4,54;;;;;;;;
2018-10-14;9,61;;;;;;;;
2018-10-15;9,01;;;;;;;;
2018-10-16;0,54;;;;;;;;
2018-10-17;0,42;;;;;;;;
2018-10-18;9,02;;;;;;;;
2018-10-19;6,61;;;;;;;;
2018-10-20;5,91;;;;;;;;
2018-10-21;0,00;;;;;;;;
2018-10-22;7,20;;;;;;;;
2018-10-23;6,10;;;;;;;;
2018-10-24;7,53;;;;;;;;
2018-10-25;8,99;;;;;;;;
2018-10-26;0,00;;;;;;;;
2018-10-27;0,43;;;;;;;;
2018-10-28;4,04;;;;;;;;
2018-10-29;0,65;;;;;;;;
2018-10-30;0,00;;;;;;;;
2018-10-31;0,82;;;;;;;;
2018-11-01;3,19;;;;;;;;
2018-11-02;0,00;;;;;;;;
2018-11-03;5,87;;;;;;;;
2018-11-04;4,11;;;;;;;;
2018-11-05;0,00;;;;;;;;
2018-11-06;3,64;;;;;;;;
2018-11-07;2,68;;;;;;;;
2018-11-08;0,00;;;;;;;;
2018-11-09;0,00;;;;;;;;
2018-11-10;0,00;;;;;;;;
2018-11-11;0,00;;;;;;;;
2018-11-12;0,00;;;;;;;;
2018-11-13;0,00;;;;;;;;
2018-11-14;0,40;;;;;;;;
2018-11-15;0,35;;;;;;;;
2018-11-16;6,73;;;;;;;;
2018-11-17;0,00;;;;;;;;
2018-11-18;5,08;;;;;;;;
2018-11-19;4,43;;;;;;;;
2018-11-20;6,75;;;;;;;;
2018-11-21;1,66;;;;;;;;
2018-11-22;0,00;;;;;;;;
2018-11-23;0,00;;;;;;;;
2018-11-24;0,00;;;;;;;;
2018-11-25;6,76;;;;;;;;
2018-11-26;0,54;;;;;;;;
2018-11-27;6,83;;;;;;;;
2018-11-28;3,95;;;;;;;;
2018-11-29;0,00;;;;;;;;
2018-11-30;0,00;;;;;;;;
2018-12-01;0,00;;;;;;;;
2018-12-02;0,00;;;;;;;;
2018-12-03;0,00;;;;;;;;
2018-12-04;1,35;;;;;;;;
2018-12-05;4,99;;;;;;;;
2018-12-06;0,00;;;;;;;;
2018-12-07;0,00;;;;;;;;
2018-12-08;0,00;;;;;;;;
2018-12-09;0,00;;;;;;;;
2018-12-10;0,13;;;;;;;;
2018-12-11;0,49;;;;;;;;
2018-12-12;0,00;;;;;;;;
2018-12-13;0,00;;;;;;;;
2018-12-14;0,00;;;;;;;;
2018-12-15;0,31;;;;;;;;
2018-12-16;0,00;;;;;;;;
2018-12-17;0,00;;;;;;;;
2018-12-18;0,12;;;;;;;;
2018-12-19;0,00;;;;;;;;
2018-12-20;0,00;;;;;;;;
2018-12-21;0,00;;;;;;;;
2018-12-22;0,00;;;;;;;;
2018-12-23;0,00;;;;;;;;
2018-12-24;0,00;;;;;;;;
2018-12-25;2,08;;;;;;;;
2018-12-26;3,62;;;;;;;;
2018-12-27;1,26;;;;;;;;
2018-12-28;5,44;;;;;;;;
2018-12-29;0,00;;;;;;;;
2018-12-30;5,35;;;;;;;;
2018-12-31;0,00;;;;;;;;
2019-01-01;3,66;;;;;;;;
2019-01-02;6,09;;;;;;;;
2019-01-03;2,60;;;;;;;;
2019-01-04;4,25;;;;;;;;
2019-01-05;5,43;;;;;;;;
2019-01-06;1,45;;;;;;;;
2019-01-07;0,00;;;;;;;;
2019-01-08;0,00;;;;;;;;
2019-01-09;6,15;;;;;;;;
2019-01-10;0,00;;;;;;;;
2019-01-11;1,56;;;;;;;;
2019-01-12;0,51;;;;;;;;
2019-01-13;0,00;;;;;;;;
2019-01-14;5,06;;;;;;;;
2019-01-15;0,00;;;;;;;;
2019-01-16;0,00;;;;;;;;
2019-01-17;1,67;;;;;;;;
2019-01-18;6,10;;;;;;;;
2019-01-19;0,80;;;;;;;;
2019-01-20;0,72;;;;;;;;
2019-01-21;0,00;;;;;;;;
2019-01-22;0,05;;;;;;;;
2019-01-23;1,07;;;;;;;;
2019-01-24;0,00;;;;;;;;
2019-01-25;1,03;;;;;;;;
2019-01-26;0,00;;;;;;;;
2019-01-27;0,00;;;;;;;;
2019-01-28;0,00;;;;;;;;
2019-01-29;7,41;;;;;;;;
2019-01-30;2,28;;;;;;;;
2019-01-31;0,00;;;;;;;;
2019-02-01;0,00;;;;;;;;
2019-02-02;0,00;;;;;;;;
2019-02-03;3,54;;;;;;;;
2019-02-04;0,05;;;;;;;;
2019-02-05;0,00;;;;;;;;
2019-02-06;0,00;;;;;;;;
2019-02-07;0,00;;;;;;;;
2019-02-08;0,16;;;;;;;;
2019-02-09;0,53;;;;;;;;
2019-02-10;0,00;;;;;;;;
2019-02-11;7,17;;;;;;;;
2019-02-12;4,57;;;;;;;;
2019-02-13;7,23;;;;;;;;
2019-02-14;0,00;;;;;;;;
2019-02-15;2,53;;;;;;;;
2019-02-16;6,67;;;;;;;;
2019-02-17;0,00;;;;;;;;
2019-02-18;3,26;;;;;;;;
2019-02-19;1,24;;;;;;;;
2019-02-20;7,60;;;;;;;;
2019-02-21;0,00;;;;;;;;
2019-02-22;5,28;;;;;;;;
2019-02-23;1,19;;;;;;;;
2019-02-24;0,00;;;;;;;;
2019-02-25;5,26;;;;;;;;
2019-02-26;7,51;;;;;;;;
2019-02-27;7,63;;;;;;;;
2019-02-28;10,16;;;;;;;;
2019-03-01;6,46;;;;;;;;
2019-03-02;0,25;;;;;;;;
2019-03-03;1,21;;;;;;;;
2019-03-04;0,47;;;;;;;;
2019-03-05;0,00;;;;;;;;
2019-03-06;0,00;;;;;;;;
2019-03-07;0,00;;;;;;;;
2019-03-08;1,20;;;;;;;;
2019-03-09;0,00;;;;;;;;
2019-03-10;4,11;;;;;;;;
2019-03-11;10,79;;;;;;;;
2019-03-12;0,00;;;;;;;;
2019-03-13;0,00;;;;;;;;
2019-03-14;0,41;;;;;;;;
2019-03-15;0,00;;;;;;;;
2019-03-16;1,30;;;;;;;;
2019-03-17;1,50;;;;;;;;
2019-03-18;0,63;;;;;;;;
2019-03-19;11,51;;;;;;;;
2019-03-20;3,06;;;;;;;;
2019-03-21;0,00;;;;;;;;
2019-03-22;3,81;;;;;;;;
2019-03-23;9,03;;;;;;;;
2019-03-24;3,94;;;;;;;;
2019-03-25;6,10;;;;;;;;
2019-03-26;10,08;;;;;;;;
2019-03-27;6,53;;;;;;;;
2019-03-28;8,22;;;;;;;;
2019-03-29;7,89;;;;;;;;
2019-03-30;0,71;;;;;;;;
2019-03-31;12,44;;;;;;;;
2019-04-01;12,45;;;;;;;;
2019-04-02;12,00;;;;;;;;
2019-04-03;1,04;;;;;;;;
2019-04-04;9,67;;;;;;;;
2019-04-05;4,26;;;;;;;;
2019-04-06;2,23;;;;;;;;
2019-04-07;12,43;;;;;;;;
2019-04-08;12,36;;;;;;;;
2019-04-09;13,35;;;;;;;;
2019-04-10;1,90;;;;;;;;
2019-04-11;11,59;;;;;;;;
2019-04-12;13,14;;;;;;;;
2019-04-13;13,56;;;;;;;;
2019-04-14;13,62;;;;;;;;
2019-04-15;13,27;;;;;;;;
2019-04-16;7,39;;;;;;;;
2019-04-17;12,58;;;;;;;;
2019-04-18;13,94;;;;;;;;
2019-04-19;14,03;;;;;;;;
2019-04-20;13,52;;;;;;;;
2019-04-21;13,92;;;;;;;;
2019-04-22;14,06;;;;;;;;
2019-04-23;14,03;;;;;;;;
2019-04-24;3,68;;;;;;;;
2019-04-25;7,29;;;;;;;;
2019-04-26;11,87;;;;;;;;
2019-04-27;0,01;;;;;;;;
2019-04-28;1,79;;;;;;;;
2019-04-29;14,24;;;;;;;;
2019-04-30;6,66;;;;;;;;
2019-05-01;1,43;;;;;;;;
2019-05-02;6,96;;;;;;;;
2019-05-03;9,88;;;;;;;;
2019-05-04;7,26;;;;;;;;
2019-05-05;9,81;;;;;;;;
2019-05-06;7,50;;;;;;;;
2019-05-07;11,69;;;;;;;;
2019-05-08;7,46;;;;;;;;
2019-05-09;0,09;;;;;;;;
2019-05-10;3,22;;;;;;;;
2019-05-11;14,99;;;;;;;;
2019-05-12;10,11;;;;;;;;
2019-05-13;11,91;;;;;;;;
2019-05-14;14,06;;;;;;;;
2019-05-15;11,23;;;;;;;;
2019-05-16;15,39;;;;;;;;
2019-05-17;2,46;;;;;;;;
2019-05-18;3,03;;;;;;;;
2019-05-19;10,27;;;;;;;;
2019-05-20;3,70;;;;;;;;
2019-05-21;4,80;;;;;;;;
2019-05-22;0,02;;;;;;;;
2019-05-23;14,47;;;;;;;;
2019-05-24;2,15;;;;;;;;
2019-05-25;7,33;;;;;;;;
2019-05-26;11,39;;;;;;;;
2019-05-27;0,00;;;;;;;;
2019-05-28;7,24;;;;;;;;
2019-05-29;14,62;;;;;;;;
2019-05-30;0,00;;;;;;;;
2019-05-31;16,50;;;;;;;;
2019-06-01;1,20;;;;;;;;
2019-06-02;3,68;;;;;;;;
2019-06-03;4,66;;;;;;;;
2019-06-04;12,11;;;;;;;;
2019-06-05;10,47;;;;;;;;
2019-06-06;12,55;;;;;;;;
2019-06-07;7,83;;;;;;;;
2019-06-08;2,84;;;;;;;;
2019-06-09;3,50;;;;;;;;
2019-06-10;12,44;;;;;;;;
2019-06-11;0,60;;;;;;;;
2019-06-12;0,00;;;;;;;;
2019-06-13;8,96;;;;;;;;
2019-06-14;8,85;;;;;;;;
2019-06-15;4,13;;;;;;;;
2019-06-16;4,64;;;;;;;;
2019-06-17;13,51;;;;;;;;
2019-06-18;5,04;;;;;;;;
2019-06-19;8,59;;;;;;;;
2019-06-20;1,63;;;;;;;;
2019-06-21;6,55;;;;;;;;
2019-06-22;12,76;;;;;;;;
2019-06-23;15,51;;;;;;;;
2019-06-24;12,85;;;;;;;;
2019-06-25;6,87;;;;;;;;
2019-06-26;9,43;;;;;;;;
2019-06-27;13,39;;;;;;;;
2019-06-28;16,44;;;;;;;;
2019-06-29;11,74;;;;;;;;
2019-06-30;13,33;;;;;;;;
2019-07-01;5,48;;;;;;;;
2019-07-02;6,77;;;;;;;;
2019-07-03;9,10;;;;;;;;
2019-07-04;1,19;;;;;;;;
2019-07-05;16,16;;;;;;;;
2019-07-06;1,76;;;;;;;;
2019-07-07;7,97;;;;;;;;
2019-07-08;12,77;;;;;;;;
2019-07-09;9,55;;;;;;;;
2019-07-10;12,60;;;;;;;;
2019-07-11;14,57;;;;;;;;
2019-07-12;15,30;;;;;;;;
2019-07-13;14,76;;;;;;;;
2019-07-14;6,69;;;;;;;;
2019-07-15;2,27;;;;;;;;
2019-07-16;8,12;;;;;;;;
2019-07-17;16,04;;;;;;;;
2019-07-18;14,93;;;;;;;;
2019-07-19;1,29;;;;;;;;
2019-07-20;9,83;;;;;;;;
2019-07-21;2,31;;;;;;;;
2019-07-22;1,43;;;;;;;;
2019-07-23;6,63;;;;;;;;
2019-07-24;13,34;;;;;;;;
2019-07-25;14,70;;;;;;;;
2019-07-26;14,26;;;;;;;;
2019-07-27;13,58;;;;;;;;
2019-07-28;5,09;;;;;;;;
2019-07-29;9,10;;;;;;;;
2019-07-30;0,23;;;;;;;;
2019-07-31;0,00;;;;;;;;
2019-08-01;8,76;;;;;;;;
2019-08-02;14,92;;;;;;;;
2019-08-03;14,20;;;;;;;;
2019-08-04;2,08;;;;;;;;
2019-08-05;7,16;;;;;;;;
2019-08-06;6,24;;;;;;;;
2019-08-07;4,03;;;;;;;;
2019-08-08;8,82;;;;;;;;
2019-08-09;11,26;;;;;;;;
2019-08-10;0,01;;;;;;;;
2019-08-11;0,28;;;;;;;;
2019-08-12;3,13;;;;;;;;
2019-08-13;5,48;;;;;;;;
2019-08-14;9,19;;;;;;;;
2019-08-15;2,29;;;;;;;;
2019-08-16;0,94;;;;;;;;
2019-08-17;0,00;;;;;;;;
2019-08-18;2,50;;;;;;;;
2019-08-19;5,39;;;;;;;;
2019-08-20;7,59;;;;;;;;
2019-08-21;5,95;;;;;;;;
2019-08-22;0,13;;;;;;;;
2019-08-23;2,89;;;;;;;;
2019-08-24;5,77;;;;;;;;
2019-08-25;12,76;;;;;;;;
2019-08-26;11,84;;;;;;;;
2019-08-27;8,38;;;;;;;;
2019-08-28;1,21;;;;;;;;
2019-08-29;1,20;;;;;;;;
2019-08-30;6,06;;;;;;;;
2019-08-31;11,41;;;;;;;;
2019-09-01;0,43;;;;;;;;
2019-09-02;7,00;;;;;;;;
2019-09-03;2,64;;;;;;;;
2019-09-04;0,00;;;;;;;;
2019-09-05;4,17;;;;;;;;
2019-09-06;2,69;;;;;;;;
2019-09-07;6,59;;;;;;;;
2019-09-08;7,02;;;;;;;;
2019-09-09;0,81;;;;;;;;
2019-09-10;3,22;;;;;;;;
2019-09-11;2,23;;;;;;;;
2019-09-12;4,14;;;;;;;;
2019-09-13;9,20;;;;;;;;
2019-09-14;5,84;;;;;;;;
2019-09-15;2,57;;;;;;;;
2019-09-16;8,88;;;;;;;;
2019-09-17;6,01;;;;;;;;
2019-09-18;11,99;;;;;;;;
2019-09-19;7,05;;;;;;;;
2019-09-20;2,83;;;;;;;;
2019-09-21;11,52;;;;;;;;
2019-09-22;9,37;;;;;;;;
2019-09-23;10,36;;;;;;;;
2019-09-24;0,00;;;;;;;;
2019-09-25;0,91;;;;;;;;
2019-09-26;1,88;;;;;;;;
2019-09-27;0,19;;;;;;;;
2019-09-28;0,92;;;;;;;;
2019-09-29;0,74;;;;;;;;
2019-09-30;3,34;;;;;;;;
2019-10-01;6,60;;;;;;;;
2019-10-02;4,11;;;;;;;;
2019-10-03;4,66;;;;;;;;
2019-10-04;0,00;;;;;;;;
2019-10-05;10,38;;;;;;;;
2019-10-06;9,21;;;;;;;;
2019-10-07;7,96;;;;;;;;
2019-10-08;0,08;;;;;;;;
2019-10-09;1,40;;;;;;;;
2019-10-10;2,72;;;;;;;;
2019-10-11;0,01;;;;;;;;
2019-10-12;2,22;;;;;;;;
2019-10-13;2,46;;;;;;;;
2019-10-14;0,56;;;;;;;;
2019-10-15;0,86;;;;;;;;
2019-10-16;0,00;;;;;;;;
2019-10-17;0,22;;;;;;;;
2019-10-18;0,00;;;;;;;;
2019-10-19;0,68;;;;;;;;
2019-10-20;0,49;;;;;;;;
2019-10-21;0,00;;;;;;;;
2019-10-22;0,43;;;;;;;;
2019-10-23;1,54;;;;;;;;
2019-10-24;1,74;;;;;;;;
2019-10-25;1,44;;;;;;;;
2019-10-26;0,00;;;;;;;;
2019-10-27;2,84;;;;;;;;
2019-10-28;7,38;;;;;;;;
2019-10-29;8,79;;;;;;;;
2019-10-30;1,44;;;;;;;;
2019-10-31;7,77;;;;;;;;
2019-11-01;0,04;;;;;;;;
2019-11-02;0,00;;;;;;;;
2019-11-03;0,00;;;;;;;;
2019-11-04;0,00;;;;;;;;
2019-11-05;6,64;;;;;;;;
2019-11-06;1,16;;;;;;;;
2019-11-07;0,00;;;;;;;;
2019-11-08;0,00;;;;;;;;
2019-11-09;0,00;;;;;;;;
2019-11-10;0,00;;;;;;;;
2019-11-11;0,61;;;;;;;;
2019-11-12;0,00;;;;;;;;
2019-11-13;1,21;;;;;;;;
2019-11-14;0,26;;;;;;;;
2019-11-15;0,00;;;;;;;;
2019-11-16;0,00;;;;;;;;
2019-11-17;0,00;;;;;;;;
2019-11-18;0,00;;;;;;;;
2019-11-19;0,03;;;;;;;;
2019-11-20;0,00;;;;;;;;
2019-11-21;0,00;;;;;;;;
2019-11-22;0,00;;;;;;;;
2019-11-23;0,00;;;;;;;;
2019-11-24;0,00;;;;;;;;
2019-11-25;0,00;;;;;;;;
2019-11-26;0,00;;;;;;;;
2019-11-27;0,00;;;;;;;;
2019-11-28;0,00;;;;;;;;
2019-11-29;5,45;;;;;;;;
2019-11-30;6,24;;;;;;;;
2019-12-01;0,00;;;;;;;;
2019-12-02;3,19;;;;;;;;
2019-12-03;0,00;;;;;;;;
2019-12-04;0,00;;;;;;;;
2019-12-05;0,00;;;;;;;;
2019-12-06;0,00;;;;;;;;
2019-12-07;5,05;;;;;;;;
2019-12-08;0,00;;;;;;;;
2019-12-09;0,00;;;;;;;;
2019-12-10;4,67;;;;;;;;
2019-12-11;0,60;;;;;;;;
2019-12-12;0,00;;;;;;;;
2019-12-13;0,01;;;;;;;;
2019-12-14;0,00;;;;;;;;
2019-12-15;0,00;;;;;;;;
2019-12-16;0,00;;;;;;;;
2019-12-17;0,00;;;;;;;;
2019-12-18;0,41;;;;;;;;
2019-12-19;0,00;;;;;;;;
2019-12-20;0,00;;;;;;;;
2019-12-21;0,00;;;;;;;;
2019-12-22;1,09;;;;;;;;
2019-12-23;0,00;;;;;;;;
2019-12-24;0,00;;;;;;;;
2019-12-25;0,00;;;;;;;;
2019-12-26;0,00;;;;;;;;
2019-12-27;3,44;;;;;;;;
2019-12-28;0,00;;;;;;;;
2019-12-29;0,00;;;;;;;;
2019-12-30;0,00;;;;;;;;
2019-12-31;4,49;;;;;;;;
2020-01-01;0,00;;;;;;;;
2020-01-02;0,00;;;;;;;;
2020-01-03;3,63;;;;;;;;
2020-01-04;5,69;;;;;;;;
2020-01-05;0,00;;;;;;;;
2020-01-06;0,00;;;;;;;;
2020-01-07;0,00;;;;;;;;
2020-01-08;0,14;;;;;;;;
2020-01-09;0,00;;;;;;;;
2020-01-10;0,00;;;;;;;;
2020-01-11;0,00;;;;;;;;
2020-01-12;0,00;;;;;;;;
2020-01-13;0,43;;;;;;;;
2020-01-14;0,00;;;;;;;;
2020-01-15;0,00;;;;;;;;
2020-01-16;0,37;;;;;;;;
2020-01-17;0,76;;;;;;;;
2020-01-18;0,00;;;;;;;;
2020-01-19;6,69;;;;;;;;
2020-01-20;0,54;;;;;;;;
2020-01-21;0,00;;;;;;;;
2020-01-22;6,99;;;;;;;;
2020-01-23;0,00;;;;;;;;
2020-01-24;0,00;;;;;;;;
2020-01-25;2,00;;;;;;;;
2020-01-26;0,00;;;;;;;;
2020-01-27;0,00;;;;;;;;
2020-01-28;0,00;;;;;;;;
2020-01-29;0,00;;;;;;;;
2020-01-30;0,07;;;;;;;;
2020-01-31;0,04;;;;;;;;
2020-02-01;0,00;;;;;;;;
2020-02-02;7,75;;;;;;;;
2020-02-03;5,03;;;;;;;;
2020-02-04;0,00;;;;;;;;
2020-02-05;4,99;;;;;;;;
2020-02-06;7,67;;;;;;;;
2020-02-07;0,10;;;;;;;;
2020-02-08;0,00;;;;;;;;
2020-02-09;0,00;;;;;;;;
2020-02-10;0,03;;;;;;;;
2020-02-11;0,07;;;;;;;;
2020-02-12;4,32;;;;;;;;
2020-02-13;7,38;;;;;;;;
2020-02-14;2,76;;;;;;;;
2020-02-15;0,00;;;;;;;;
2020-02-16;0,00;;;;;;;;
2020-02-17;0,00;;;;;;;;
2020-02-18;0,95;;;;;;;;
2020-02-19;5,14;;;;;;;;
2020-02-20;0,15;;;;;;;;
2020-02-21;2,28;;;;;;;;
2020-02-22;1,36;;;;;;;;
2020-02-23;0,43;;;;;;;;
2020-02-24;5,78;;;;;;;;
2020-02-25;0,00;;;;;;;;
2020-02-26;2,29;;;;;;;;
2020-02-27;9,47;;;;;;;;
2020-02-28;3,71;;;;;;;;
2020-02-29;0,00;;;;;;;;
2020-03-01;0,10;;;;;;;;
2020-03-02;3,22;;;;;;;;
2020-03-03;0,00;;;;;;;;
2020-03-04;1,48;;;;;;;;
2020-03-05;1,28;;;;;;;;
2020-03-06;5,18;;;;;;;;
2020-03-07;2,49;;;;;;;;
2020-03-08;0,00;;;;;;;;
2020-03-09;0,05;;;;;;;;
2020-03-10;0,00;;;;;;;;
2020-03-11;9,15;;;;;;;;
2020-03-12;0,18;;;;;;;;
2020-03-13;2,56;;;;;;;;
2020-03-14;10,62;;;;;;;;
2020-03-15;0,00;;;;;;;;
2020-03-16;4,30;;;;;;;;
2020-03-17;0,00;;;;;;;;
2020-03-18;3,24;;;;;;;;
2020-03-19;9,51;;;;;;;;
2020-03-20;11,60;;;;;;;;
2020-03-21;11,87;;;;;;;;
2020-03-22;11,11;;;;;;;;
2020-03-23;6,70;;;;;;;;
2020-03-24;9,37;;;;;;;;
2020-03-25;10,42;;;;;;;;
2020-03-26;11,85;;;;;;;;
2020-03-27;12,02;;;;;;;;
2020-03-28;3,68;;;;;;;;
2020-03-29;12,11;;;;;;;;
2020-03-30;12,47;;;;;;;;
2020-03-31;7,66;;;;;;;;
2020-04-01;7,66;;;;;;;;
2020-04-02;2,02;;;;;;;;
2020-04-03;10,18;;;;;;;;
2020-04-04;5,20;;;;;;;;
2020-04-05;10,89;;;;;;;;
2020-04-06;12,67;;;;;;;;
2020-04-07;9,83;;;;;;;;
2020-04-08;9,76;;;;;;;;
2020-04-09;13,13;;;;;;;;
2020-04-10;12,95;;;;;;;;
2020-04-11;1,76;;;;;;;;
2020-04-12;1,03;;;;;;;;
2020-04-13;8,75;;;;;;;;
2020-04-14;10,73;;;;;;;;
2020-04-15;6,43;;;;;;;;
2020-04-16;13,75;;;;;;;;
2020-04-17;14,05;;;;;;;;
2020-04-18;11,54;;;;;;;;
2020-04-19;14,16;;;;;;;;
2020-04-20;13,46;;;;;;;;
2020-04-21;14,32;;;;;;;;
2020-04-22;14,42;;;;;;;;
2020-04-23;13,36;;;;;;;;
2020-04-24;10,48;;;;;;;;
2020-04-25;12,26;;;;;;;;
2020-04-26;6,39;;;;;;;;
2020-04-27;0,00;;;;;;;;
2020-04-28;5,46;;;;;;;;
2020-04-29;0,99;;;;;;;;
2020-04-30;0,10;;;;;;;;
2020-05-01;0,01;;;;;;;;
2020-05-02;3,44;;;;;;;;
2020-05-03;13,76;;;;;;;;
2020-05-04;6,91;;;;;;;;
2020-05-05;12,60;;;;;;;;
2020-05-06;14,41;;;;;;;;
2020-05-07;14,75;;;;;;;;
2020-05-08;6,57;;;;;;;;
2020-05-09;12,93;;;;;;;;
2020-05-10;1,91;;;;;;;;
2020-05-11;15,61;;;;;;;;
2020-05-12;8,73;;;;;;;;
2020-05-13;15,87;;;;;;;;
2020-05-14;8,39;;;;;;;;
2020-05-15;7,35;;;;;;;;
2020-05-16;6,19;;;;;;;;
2020-05-17;3,06;;;;;;;;
2020-05-18;11,96;;;;;;;;
2020-05-19;7,48;;;;;;;;
2020-05-20;13,29;;;;;;;;
2020-05-21;13,44;;;;;;;;
2020-05-22;5,95;;;;;;;;
2020-05-23;2,44;;;;;;;;
2020-05-24;0,06;;;;;;;;
2020-05-25;6,55;;;;;;;;
2020-05-26;15,31;;;;;;;;
2020-05-27;6,85;;;;;;;;
2020-05-28;16,23;;;;;;;;
2020-05-29;16,43;;;;;;;;
2020-05-30;16,55;;;;;;;;
2020-05-31;16,42;;;;;;;;
2020-06-01;16,52;;;;;;;;
2020-06-02;16,68;;;;;;;;
2020-06-03;10,23;;;;;;;;
2020-06-04;10,67;;;;;;;;
2020-06-05;4,46;;;;;;;;
2020-06-06;6,47;;;;;;;;
2020-06-07;9,57;;;;;;;;
2020-06-08;14,44;;;;;;;;
2020-06-09;13,62;;;;;;;;
2020-06-10;10,39;;;;;;;;
2020-06-11;12,23;;;;;;;;
2020-06-12;7,59;;;;;;;;
2020-06-13;10,17;;;;;;;;
2020-06-14;16,74;;;;;;;;
2020-06-15;17,08;;;;;;;;
2020-06-16;10,50;;;;;;;;
2020-06-17;4,46;;;;;;;;
2020-06-18;10,92;;;;;;;;
2020-06-19;8,02;;;;;;;;
2020-06-20;1,75;;;;;;;;
2020-06-21;0,05;;;;;;;;
2020-06-22;0,52;;;;;;;;
2020-06-23;13,79;;;;;;;;
2020-06-24;16,27;;;;;;;;
2020-06-25;16,34;;;;;;;;
2020-06-26;14,20;;;;;;;;
2020-06-27;12,76;;;;;;;;
2020-06-28;0,99;;;;;;;;
2020-06-29;8,21;;;;;;;;
2020-06-30;1,22;;;;;;;;
2020-07-01;6,18;;;;;;;;
2020-07-02;11,27;;;;;;;;
2020-07-03;2,16;;;;;;;;
2020-07-04;0,11;;;;;;;;
2020-07-05;1,22;;;;;;;;
2020-07-06;1,20;;;;;;;;
2020-07-07;4,82;;;;;;;;
2020-07-08;12,20;;;;;;;;
2020-07-09;14,15;;;;;;;;
2020-07-10;7,09;;;;;;;;
2020-07-11;10,20;;;;;;;;
2020-07-12;7,07;;;;;;;;
2020-07-13;4,74;;;;;;;;
2020-07-14;0,01;;;;;;;;
2020-07-15;4,67;;;;;;;;
2020-07-16;8,90;;;;;;;;
2020-07-17;14,01;;;;;;;;
2020-07-18;8,83;;;;;;;;
2020-07-19;0,06;;;;;;;;
2020-07-20;8,07;;;;;;;;
2020-07-21;10,21;;;;;;;;
2020-07-22;14,08;;;;;;;;
2020-07-23;12,35;;;;;;;;
2020-07-24;3,50;;;;;;;;
2020-07-25;12,60;;;;;;;;
2020-07-26;0,52;;;;;;;;
2020-07-27;11,36;;;;;;;;
2020-07-28;1,34;;;;;;;;
2020-07-29;0,03;;;;;;;;
2020-07-30;0,05;;;;;;;;
2020-07-31;14,46;;;;;;;;
2020-08-01;13,20;;;;;;;;
2020-08-02;1,47;;;;;;;;
2020-08-03;9,84;;;;;;;;
2020-08-04;14,15;;;;;;;;
2020-08-05;0,00;;;;;;;;
2020-08-06;8,25;;;;;;;;
2020-08-07;13,52;;;;;;;;
2020-08-08;13,26;;;;;;;;
2020-08-09;14,44;;;;;;;;
2020-08-10;14,48;;;;;;;;
2020-08-11;5,34;;;;;;;;
2020-08-12;13,56;;;;;;;;
2020-08-13;13,10;;;;;;;;
2020-08-14;14,14;;;;;;;;
2020-08-15;14,41;;;;;;;;
2020-08-16;14,07;;;;;;;;
2020-08-17;11,91;;;;;;;;
2020-08-18;7,56;;;;;;;;
2020-08-19;3,96;;;;;;;;
2020-08-20;3,71;;;;;;;;
2020-08-21;1,17;;;;;;;;
2020-08-22;8,94;;;;;;;;
2020-08-23;4,61;;;;;;;;
2020-08-24;10,54;;;;;;;;
2020-08-25;11,14;;;;;;;;
2020-08-26;0,00;;;;;;;;
2020-08-27;6,12;;;;;;;;
2020-08-28;2,38;;;;;;;;
2020-08-29;0,89;;;;;;;;
2020-08-30;11,58;;;;;;;;
2020-08-31;13,45;;;;;;;;
2020-09-01;11,92;;;;;;;;
2020-09-02;8,96;;;;;;;;
2020-09-03;7,90;;;;;;;;
2020-09-04;3,44;;;;;;;;
2020-09-05;5,22;;;;;;;;
2020-09-06;6,10;;;;;;;;
2020-09-07;9,20;;;;;;;;
2020-09-08;5,22;;;;;;;;
2020-09-09;4,36;;;;;;;;
2020-09-10;10,41;;;;;;;;
2020-09-11;1,50;;;;;;;;
2020-09-12;0,85;;;;;;;;
2020-09-13;0,00;;;;;;;;
2020-09-14;0,73;;;;;;;;
2020-09-15;4,68;;;;;;;;
2020-09-16;5,19;;;;;;;;
2020-09-17;11,28;;;;;;;;
2020-09-18;3,58;;;;;;;;
2020-09-19;4,60;;;;;;;;
2020-09-20;0,01;;;;;;;;
2020-09-21;0,00;;;;;;;;
2020-09-22;0,91;;;;;;;;
2020-09-23;8,48;;;;;;;;
2020-09-24;5,87;;;;;;;;
2020-09-25;0,00;;;;;;;;
2020-09-26;1,06;;;;;;;;
2020-09-27;3,31;;;;;;;;
2020-09-28;4,61;;;;;;;;
2020-09-29;6,88;;;;;;;;
2020-09-30;1,65;;;;;;;;
2020-10-01;1,51;;;;;;;;
2020-10-02;5,30;;;;;;;;
2020-10-03;0,54;;;;;;;;
2020-10-04;0,00;;;;;;;;
2020-10-05;8,31;;;;;;;;
2020-10-06;3,36;;;;;;;;
2020-10-07;0,76;;;;;;;;
2020-10-08;0,37;;;;;;;;
2020-10-09;4,78;;;;;;;;
2020-10-10;1,34;;;;;;;;
2020-10-11;0,84;;;;;;;;
2020-10-12;5,41;;;;;;;;
2020-10-13;5,52;;;;;;;;
2020-10-14;6,03;;;;;;;;
2020-10-15;9,54;;;;;;;;
2020-10-16;5,42;;;;;;;;
2020-10-17;5,34;;;;;;;;
2020-10-18;9,20;;;;;;;;
2020-10-19;7,13;;;;;;;;
2020-10-20;0,00;;;;;;;;
2020-10-21;0,00;;;;;;;;
2020-10-22;0,00;;;;;;;;
2020-10-23;3,70;;;;;;;;
2020-10-24;2,40;;;;;;;;
2020-10-25;0,00;;;;;;;;
2020-10-26;0,00;;;;;;;;
2020-10-27;0,15;;;;;;;;
2020-10-28;4,05;;;;;;;;
2020-10-29;2,09;;;;;;;;
2020-10-30;0,00;;;;;;;;
2020-10-31;6,56;;;;;;;;
2020-11-01;1,62;;;;;;;;
2020-11-02;0,00;;;;;;;;
2020-11-03;2,38;;;;;;;;
2020-11-04;4,21;;;;;;;;
2020-11-05;0,00;;;;;;;;
2020-11-06;7,44;;;;;;;;
2020-11-07;0,00;;;;;;;;
2020-11-08;1,30;;;;;;;;
2020-11-09;0,00;;;;;;;;
2020-11-10;0,00;;;;;;;;
2020-11-11;0,00;;;;;;;;
2020-11-12;0,00;;;;;;;;
2020-11-13;0,00;;;;;;;;
2020-11-14;2,98;;;;;;;;
2020-11-15;0,00;;;;;;;;
2020-11-16;0,12;;;;;;;;
2020-11-17;0,00;;;;;;;;
2020-11-18;0,00;;;;;;;;
2020-11-19;1,11;;;;;;;;
2020-11-20;5,99;;;;;;;;
2020-11-21;0,00;;;;;;;;
2020-11-22;0,16;;;;;;;;
2020-11-23;4,16;;;;;;;;
2020-11-24;0,00;;;;;;;;
2020-11-25;0,20;;;;;;;;
2020-11-26;5,14;;;;;;;;
2020-11-27;6,82;;;;;;;;
2020-11-28;1,53;;;;;;;;
2020-11-29;0,00;;;;;;;;
2020-11-30;0,00;;;;;;;;
2020-12-01;1,95;;;;;;;;
2020-12-02;0,00;;;;;;;;
2020-12-03;0,00;;;;;;;;
2020-12-04;0,00;;;;;;;;
2020-12-05;0,00;;;;;;;;
2020-12-06;0,00;;;;;;;;
2020-12-07;0,00;;;;;;;;
2020-12-08;0,00;;;;;;;;
2020-12-09;0,00;;;;;;;;
2020-12-10;0,00;;;;;;;;
2020-12-11;0,00;;;;;;;;
2020-12-12;0,00;;;;;;;;
2020-12-13;0,00;;;;;;;;
2020-12-14;0,00;;;;;;;;
2020-12-15;0,00;;;;;;;;
2020-12-16;0,00;;;;;;;;
2020-12-17;0,00;;;;;;;;
2020-12-18;0,00;;;;;;;;
2020-12-19;0,04;;;;;;;;
2020-12-20;0,00;;;;;;;;
2020-12-21;0,00;;;;;;;;
2020-12-22;0,00;;;;;;;;
2020-12-23;1,58;;;;;;;;
2020-12-24;3,56;;;;;;;;
2020-12-25;4,41;;;;;;;;
2020-12-26;0,00;;;;;;;;
2020-12-27;0,00;;;;;;;;
2020-12-28;0,00;;;;;;;;
2020-12-29;0,00;;;;;;;;
2020-12-30;0,00;;;;;;;;
2020-12-31;0,00;;;;;;;;
